[
    {
        "tienda":"tienda1",
        "fecha":"20/02/2022",
        "importe":"114", 
        "concepto":"venta"
    },
    {
        "tienda":"tienda2",
        "fecha":"21/02/2022",
        "importe":"61", 
        "concepto":"compra"
    },
    {
        "tienda":"tienda1",
        "fecha":"01/12/2021",
        "importe":"17.3", 
        "concepto":"gasto"
    },
    {
        "tienda":"tienda1",
        "fecha":"30/11/2021",
        "importe":"57.9", 
        "concepto":"venta"
    },
    {
        "tienda":"tienda2",
        "fecha":"05/12/2021",
        "importe":"90.1", 
        "concepto":"gasto"
    },
    {
        "tienda":"tienda1",
        "fecha":"02/01/2021",
        "importe":"6117.4", 
        "concepto":"compra"
    },
    {
        "tienda":"tienda1",
        "fecha":"23/01/2022",
        "importe":"6117.4", 
        "concepto":"gasto"
    }
]